"...1","median.X2016.12","median.X2017.02","median.X2017.03","median.X2017.05","median.X2017.06","median.X2017.07","median.X2017.08","median.X2017.10","median.X2017.11","median.X2017.12","median.X2018.02","median.X2018.04","median.X2018.05","median.X2018.06","median.X2018.07","median.X2018.08","median.X2018.09","median.X2018.10","median.X2019.02","median.X2019.03","median.X2019.05","median.X2019.06","median.X2019.07","median.X2019.08","median.X2019.09","median.X2019.10","median.X2020.01","median.X2020.02","median.X2020.03","median.X2020.04","median.X2020.05","median.X2020.06","median.X2020.07","median.X2020.08","median.X2020.09","median.X2020.11","median.X2021.02","median.X2021.03","median.X2021.04","median.X2021.06","median.X2021.07","median.X2021.08","median.X2021.09","median.X2021.10","median.X2021.12","median.X2022.01","median.X2022.02","median.X2022.03","median.X2022.04","median.X2022.05","median.X2022.06","median.X2022.07","median.X2022.08","median.X2022.09","median.X2022.10","median.X2022.11","median.X2022.12","median.X2023.02","median.X2023.03","median.X2023.05","median.X2023.06","median.X2023.07","median.X2023.08","median.X2023.09","median.X2023.10","median.X2023.12","median.X2024.01","median.X2024.03","median.X2024.04","median.X2024.05","median.X2024.06","median.X2024.07","median.X2024.08","median.X2024.10","median.X2024.11","median.X2024.12","median.X2025.02"
2,0.637860984152092,0.52331157525406,0.602156886458525,0.740350892669347,0.718716594305985,0.810319928746574,0.810499695039626,0.686710258325451,0.755742311477747,0.775910377502557,0.580112069845296,0.688627469539771,0.806013083458082,0.865531750427678,0.822094702138936,0.519797625079818,0.67746310322343,0.721848756075015,0.574483685493523,0.618538347158024,0.768837548792435,0.800536053643849,0.821353731090094,0.817112288691822,0.781045764684727,0.773292067176468,0.838084474205893,0.781742218088002,0.745216889814983,0.764151331150325,0.81741066308735,0.85942685604083,0.862599862946434,NA,0.777103112589771,0.835487785162753,0.374607850611271,0.337298484643357,0.303454726934475,0.331299937433737,0.799891079465676,NA,0.685901045799436,0.79911765903273,0.758010535705442,0.695220606401626,0.624084700525382,0.620810480117899,0.547402493117899,0.63747278849295,0.712762315022351,0.652941167354569,0.502614378929365,0.759001796895861,0.792056322097814,0.800000011920861,0.681917230288273,0.522327669205317,0.489550757634533,NA,0.813313571845813,0.607920054127413,0.645196099579388,0.683967723566019,0.679411783814359,0.65382821857925,0.484659747165824,0.626666688919154,0.729538283040534,0.794871807098472,0.625390517509582,0.782650042663888,0.81216352066754,0.788398705422991,0.839813901206149,0.76749456723528,0.609907143994446
4,0.571847290741011,0.510065388678235,0.507513983841012,0.760784327983856,0.938165269792081,0.918367351804429,0.905732965469281,0.72392158508331,0.619360559695841,0.649986948966921,0.489571404404304,0.517796956429639,0.827378369039959,0.913556044852287,0.868512118564007,0.895343143493011,0.890050841702464,0.851441762026712,0.499040478721176,0.481307190656263,0.915823078432629,0.893815994262617,0.904188928279001,0.77684638587143,0.905504376055136,0.833855445568187,0.578300678729656,0.549202885582978,0.488340713322691,0.506730289072282,0.919704676778327,0.9058823585511,0.902255368065116,0.772549033164978,0.878701832788184,0.634720251327964,0.482316964536496,0.495636293992911,0.49803921580256,0.930448877909838,0.89822304528197,NA,0.901631498154674,0.771013085543535,0.530457544326515,0.467226892711006,0.422679743171333,0.35442413126781,0.318082799514135,0.38756303191273,0.418431377412294,0.460499111090136,0.461655775712278,0.560971081266291,0.366946786643078,0.492177503047158,0.510718983412401,0.378509811163122,0.361887263134386,0.609947416841321,0.664396304833816,0.573856234553358,0.550326824188863,0.611707894698937,0.654336370528028,0.627015272775505,0.536274537443594,0.543817554199303,0.697371114624295,0.78828526302463,0.865546226501228,0.887670832601224,0.844151462974045,0.627508672721738,0.676175146887075,0.637552012096506,0.567320287227652
6,0.61678128079935,0.550189225297239,0.530230207028603,0.93255524833997,0.941865398271663,0.920588240027425,0.89436664183934,0.570915058255158,0.657333961752958,0.67785949632526,0.498459385441884,0.570432643095673,0.877968835830685,0.910930120944974,0.816852157180363,0.890637261420483,0.804202696328543,0.826823539733884,0.512220270705947,0.500848708312921,0.813590274802572,0.890858167951755,0.906254901885985,0.878658967358722,0.900935149192809,0.838379951774088,0.621305617980848,0.569438835670215,0.508564541516485,0.556443031774753,0.912549024820325,0.87156863510609,0.896017163060604,NA,0.873638351758305,0.622313251600996,0.49812091576557,0.499888431735162,0.507103854515524,0.917407943708139,0.895238101482387,0.520356534827829,0.878537368130036,0.817310059908769,0.627033814470819,0.559523835778236,0.472900956869139,0.356909438967715,0.347237085754222,0.36895088713195,0.415532492539477,0.475648790378804,0.536213257660504,0.643566197715797,0.649866331030035,0.683986946940422,0.636007151820463,0.449299722909922,0.388767513632778,NA,0.824254059921154,0.831750956020865,0.748503626961462,0.769769187215011,0.744873964786534,0.678253138607201,0.449534316733472,0.482976828109133,0.637571179097703,0.773707678372206,0.88151634693146,0.859869289398192,0.8846738764218,0.814060269332514,0.802020213820714,0.80568844079971,0.696078449487677
7,0.653623209051478,0.54567813165489,0.549054964168633,0.881235035026742,0.934387258812779,0.912832638248795,0.880659543655122,0.537418328225722,0.685806522398903,0.747607858181009,0.566188621436727,0.631230727028317,0.828410523368989,0.898106012466172,0.872026698359878,0.859462688476309,0.83799649029973,0.827450990676883,0.558290624618564,0.527721461550906,0.849906340905717,0.877657386033145,0.891571775559449,0.797244585266175,0.875960791707053,0.587217010845842,0.65261439979077,0.607270542235531,0.52236274302561,0.604848508401249,0.902292774783242,0.881813282813514,0.873912561042565,0.825938636946592,0.803427046247308,0.62052655490967,0.498110734311268,0.50468610597382,0.53182975461442,0.908801748355241,0.887226897478112,NA,0.865007549524328,0.694716793795523,0.656446841630069,0.620876608526211,0.586501079251602,0.491345775773725,0.534420428035209,0.897643467155084,0.872495745025262,0.887675055435734,0.874509811401379,0.862593499194732,0.823671165719155,0.743360086598319,0.66788372500199,0.372511678934133,0.353230142907119,0.318421063454573,0.400658706901678,0.461873640616792,0.523497296161414,0.560937128283872,0.599152117162173,0.536544145271263,0.348492347142384,0.384451937439186,0.348428269227401,0.407797006649252,0.689946193028854,0.72669684886923,0.632573772121174,0.663341042750043,0.676946300726708,0.662373245276238,0.548473849431673
9,0.549215713143349,0.359259267648061,0.492892157286406,0.864080108226614,0.927573533728719,0.91287582218647,0.887377457693219,0.319073094563051,0.677261801142442,0.657366967201233,0.510303059491244,0.542002091282292,0.809027789160609,0.901924479338858,0.840321779251099,0.877647066116333,0.854185123597422,0.853019616603851,0.473358233769735,0.473427993470225,0.825831212427305,0.876034865776698,0.891751166047721,0.818758176432716,0.883912662890824,0.553897683213397,0.55424839258194,0.521878253472479,0.480497576536671,0.521843853749727,0.910130724310875,0.890736990961535,0.877054162323475,0.729411780834198,0.823243474587798,0.636487660200699,0.465577344099681,0.465396827459335,0.475630253553391,0.913235299289227,0.881678928621113,NA,0.880024516955018,0.629972010850906,0.580908177714599,0.565032705664635,0.517391333113546,0.45594002569423,0.494215686619282,0.903001206261771,0.883578438311815,0.892371303401887,0.881100195149581,0.886983736398372,0.867102404435476,0.792717099189758,0.549509830772877,0.365250552694003,0.313725501298904,0.320098049938679,0.404080556856619,0.472587467993007,0.541889510371468,0.583921593427658,0.603921592235565,0.550580999917454,0.337254911661148,0.369429597800428,0.319686285257339,0.361711238189177,0.64061626791954,0.755171102636001,0.641117074272849,0.658439082257888,0.68366014957428,0.656743930144744,0.53903746063059
10,0.881568634510035,0.81202968793946,0.797034923623096,0.780000013112818,0.875748201420512,0.862132361158691,0.781654592654627,0.327170878648949,0.696732044219971,0.639215707778931,0.415686279535301,0.425490200519627,0.46606335043941,0.501823206873465,0.540032707154916,0.457336040406742,0.492006038244258,0.515535473823634,0.38397896435203,0.393767513334882,0.540056049824165,0.696989799889131,0.679330069157965,0.636117641628065,0.63215688467071,0.614215709269486,0.783529424669844,0.535444974899299,0.474019609391807,0.475000001490112,0.741087359460982,0.79125189781215,0.788112757727945,0.54776473283779,0.731372565031329,0.620971889599398,0.543470245486877,0.465541877718727,0.566386580466684,0.860668981776437,0.881127458065852,0.533088263124616,0.873389363289041,0.804565419901555,0.770448192954087,0.788948319175232,0.742010862269444,0.574509829282181,NA,0.855929046869192,0.846358552575374,0.866577527739976,0.839281038443709,0.833023745762853,0.76470589637743,0.863921576738174,0.83985162586796,0.733503852201676,0.461002180973877,0.747058838604306,0.883374189958041,0.900980398058936,0.829055268656156,0.862745106220326,0.828176212229183,NA,0.709873966873086,0.680537419186593,0.728787894953299,0.761074814531328,0.854983668774309,0.857777786254838,0.864593201670218,0.772528922557869,0.826289044486319,NA,0.573839034689212
12,0.878982850350328,0.81415442284158,0.821883764117902,0.830294127762277,0.943274057188705,0.92169118113813,0.823674665556973,0.257107852492494,0.450599131484908,0.469869282841745,0.368331491384937,0.350871468583819,0.364085529315363,0.409673207998788,0.424052292108792,0.391360300593464,0.40417732881481,0.416800361465404,0.320235304832535,0.329747909307684,0.461636830931303,0.636601328850305,0.643998108259262,0.583093682925232,0.521333361864167,0.502745106816574,0.494830661200008,0.437858223915417,0.403179656009609,0.402076130404536,0.695337708791438,0.782691020390237,0.781658509746451,0.683267992734971,0.695786417799065,0.60431374907532,0.486877828836821,0.42469900689652,0.447992533445463,0.843627460301244,0.887309374908638,0.503725511580827,0.872881990558634,0.782714151238218,0.741478145122655,0.68272644281403,0.621638678014386,0.526916249232008,0.500000022352552,0.876397973961232,0.866724344737335,0.871417779188736,0.82653185911464,0.827657389013218,0.78431373834618,0.784937624227079,0.791349493405543,0.630980414152273,0.45126050710692,0.80823530554768,0.906133741140345,0.910597577691063,0.841996444355363,0.874264713376703,0.83407708899719,0.763057055121199,0.616368309311579,0.631932795048039,0.757516354322523,0.789441943168675,0.867498522455023,0.762883753487537,0.87092077366091,0.816900104284402,0.826470598578764,0.77496230602289,0.648265480995301
13,0.906554627418527,0.848923968832669,0.841377014802262,0.798319339752204,0.905176476240161,0.890819970857016,0.784451337237108,0.319771252572527,0.424618740876628,0.473827793546355,0.369934648275429,0.365846710313507,0.375374243144079,0.444631189107949,0.45796568877997,0.469411766529099,0.485378152132067,0.50250315000403,0.406792722642425,0.374965807726222,0.515196107327967,0.693875593167769,0.700512473556131,0.687024735886122,0.684528952328193,0.622671591117972,0.84509804844854,0.619377185316676,0.479857398705065,0.478627452254319,0.783753514289868,0.817740440368638,0.822267308317378,0.737009819597014,0.765721302479515,0.757932278243006,0.609523832798006,0.465016341954472,0.473809525370602,0.873529419302926,0.884041401247182,0.350000008940726,0.883564020780957,0.840915042161959,0.764705896377563,0.891450986862192,0.855088710784925,0.582461898525565,NA,0.873333340883251,0.869096341988313,0.882986108462015,0.868426894261077,0.860751642286781,0.806152817504167,0.985449384240543,0.979738563299241,0.868382360786207,0.392081454396246,0.835592913627619,0.899252456985413,0.908034438767083,0.841394344965615,0.882554054260251,0.865817001461982,0.953204568197488,0.879354101770105,0.703101621974623,0.784448964842431,0.833248091780608,0.873529419302934,0.761631580414594,0.873088953287703,0.81467321366071,0.944028523835244,0.992773739139686,0.701444806236987
14,0.876927216575162,0.825140066444361,0.800547207509983,0.802521020173948,0.90429253352641,0.88215686976901,0.79636307349119,0.513725519180298,0.895424842834339,0.947058826683619,0.792628915773406,0.770478092551913,0.802011858206175,0.857404011767301,0.822056240505512,0.734989122549922,0.851262528261621,0.805974276270815,0.839891828339418,0.782140155864205,0.803372920516378,0.839574375893984,0.859036193174451,0.841764725744687,0.871605631034237,0.767641339385705,0.917396750855663,0.863953089341393,0.759586070973808,0.771754946106959,0.849290069834862,0.849969507853153,0.84517585734521,0.497326225040993,0.820925758021599,0.83561131314261,0.713570708506636,0.66436548841574,0.722628527395989,0.874973269484194,0.859267982244443,0.660504221916203,0.882473611831506,0.875817000865691,0.92949520653855,0.944894790467449,0.912511676549764,0.77037038405645,0.721452326340065,0.84888439034587,0.837050663307234,0.853709384798956,0.853971412626232,0.849414496992957,0.850280120967951,0.913137260079137,0.927366951107839,0.903472227975456,NA,0.289863351800184,0.849283568560943,0.860649095527193,0.80184767395249,0.845997925253827,0.846311867236845,0.908177367326378,0.908070306770608,0.88918768167415,0.805210863074109,0.803154316933142,0.846094002326304,0.687042242950929,0.834898288401039,0.833130503522275,0.881525061527693,0.929226789271866,0.938695481845218
15,0.619240218773358,0.525040877982901,0.52439218521111,0.927087876531817,0.939792391131891,0.924447758288297,0.902147531509398,0.821774053573505,0.645682855656272,0.192760184407567,0.329411774873531,0.512641927913722,0.876339876651804,0.910600993691421,0.850457525253296,0.893660137057223,0.805797113024748,0.879320268630955,0.512651756405734,0.50178255953572,0.803921580314636,0.889355748891796,0.905228753884596,0.825098037719625,0.901616792929752,0.758645290678517,0.626319780945778,0.579520722230143,0.51093684832264,0.55359479784974,0.912921071052541,0.899857920149084,0.895283525054422,NA,0.862745106220245,0.632493019104004,0.508235323429009,0.521568655967573,0.52549022436133,0.931750950060368,0.911568632721881,NA,0.911215691566416,0.861624658107616,0.560784339904785,0.516775627930479,0.489355742930787,0.398573981089986,0.380653601884842,0.39573241682625,0.445852190256285,0.47044117823256,0.464535381483066,0.554735819162242,0.609454764078963,0.769870888896105,0.648801763852437,0.503499648239039,NA,0.588795542717165,0.67843139171617,0.730625599622379,0.681409798090807,0.694565844535627,0.627752661704518,NA,0.366742089390857,0.501960806548838,0.600980415940411,0.634937633167614,0.81093426732456,0.746405243873257,0.807766255210327,0.811538783120583,0.852260913167968,0.737254917621207,0.550980418920772
16,NA,0.53974361717701,0.530625611543655,0.916830070316792,0.93246187766393,0.917959006672556,0.797682721506466,NA,0.732212901115417,0.31872888166329,0.535294145345688,0.605964075773954,0.824767812302238,0.896052293777466,0.885389001138749,0.877623998066958,0.624463140964508,0.757941190898418,0.502941190265119,0.528959304094315,0.751241844892502,0.879289222881198,0.896193749764386,0.818280536394853,0.897450986504555,0.809542495012283,0.667226910591125,0.595817017555237,0.54595590941608,0.566299045458436,0.909724703340819,NA,0.875992968678474,NA,0.715686291456223,0.637076670473272,0.500596772717393,0.520370398958524,0.508898973464966,0.926190480589867,0.900122554972768,0.819607853889465,0.90228758752346,0.878431379795074,0.631372570991516,0.668281449991114,0.619281068444252,0.515686303377151,NA,0.902063989325574,0.877739338313832,0.895058829784393,0.877696085721254,0.889661325649782,0.862544000148773,0.877277977326337,0.695187183943662,0.578134309161793,0.245012788021046,NA,0.905337696274122,0.905620920658112,0.85260311899514,0.873083786530928,0.862200443943342,0.682720607146621,0.573725515604019,0.559903987816402,0.596209174394608,0.799215698242188,0.903799025341868,0.900964836279551,0.8792302178012,0.81330957737836,0.777843150496483,0.686274528503418,0.58189160508268
17,0.912629404793614,0.863951742649027,0.852710504742175,0.725196094811099,0.895820960854003,0.886181145906422,0.883212470028482,0.576688478390214,0.933893561363196,0.399829502986707,NA,0.788169947266481,0.834063831497686,0.864292146962689,0.819357541013242,0.855397799919351,0.832180372784601,0.88881569290155,0.776537636915815,0.818082799514031,0.840469530650568,0.832707561076885,0.865053088093767,0.826370368401144,0.881293064839104,0.773625542135715,0.962826124400104,0.88616558412708,0.787764718532492,0.83163399696343,0.869257068415329,0.65876831638991,0.840502774715391,NA,0.730538668303608,0.893189471501543,0.74491980129998,0.760613825010171,0.71725880155477,0.888678058501175,0.860899662270232,0.797749931694965,0.884877176120338,0.90869565761608,0.93248320709575,0.957831036161433,0.914903997757239,0.794984052347481,0.693163770276062,0.840313735008199,0.831964493922427,0.857516348361888,0.842583121164955,0.870878729555318,0.888944520595174,0.941666670143795,0.978039216995408,0.928440713882386,0.771078445017243,NA,0.866002538031177,0.882833993911766,0.811764717101996,0.857537777697362,0.850920983336123,0.942745101451902,0.949117650091562,0.892879263350763,0.8698879629374,0.866434285375843,0.86815051130351,0.73431725527652,0.854274943592075,0.879104780428235,0.946121060329864,0.969857748816748,0.822737567126693
18,NA,0.582085586406968,0.560224115848541,0.822125403969376,0.936000003814697,0.917492264979764,0.711484611034393,NA,0.675817012786865,NA,0.522549048066139,0.573658922933183,0.867102404435476,0.904952801598443,0.833232790231705,0.840321779251099,0.846078440546989,0.876516195230706,0.570000025629997,0.537799591819445,0.780926929278807,0.881008410453796,0.89164084352945,0.866591978640783,0.890856559653031,0.606886680533246,NA,0.61016514191502,0.550233453512192,0.552331181367238,0.896655138801126,0.882587071674973,0.875355639878441,NA,0.833218003020567,0.567756017049154,0.491810842471964,0.450245101004839,0.534640550613403,0.912299470468001,0.890746480540225,0.843660140037537,0.892572793093595,0.84901961684227,NA,0.689411783218384,0.628083513629052,0.548039242625237,0.551596665382385,0.889348178296476,0.737254917621613,0.418790854513645,0.395985066890717,0.386442583799362,0.426758943235173,0.640318648889661,0.630303052338687,0.461437910795212,NA,0.466386556625366,0.559215712547302,0.531957372238761,0.553314685821533,0.601120471954346,0.658553096754798,NA,0.515686303377151,0.51164939473657,0.526143819093704,0.582843162119389,0.750445647673173,0.778609638864344,0.785017609596252,0.716888062415584,0.720842427677578,0.71265598860654,0.584068652242422
19,0.918818441304277,0.879738569259451,0.871342390775563,0.852415121183054,0.899319733892212,0.886158034352999,0.873185308169009,0.84432561831018,0.9335108568638,0.978104576468556,0.832199268083036,0.847647067904089,0.832228456934293,0.868065063343476,0.858886788929598,0.827450990676788,0.869070701215372,0.877254909276831,0.845098048448378,0.861288523673792,0.86519141793241,0.855710540235657,0.867795593810817,0.7785994325364,0.88918870960899,0.50777555334029,0.935769814711255,0.887189549207594,0.814198794035631,0.842108656147983,0.862676306774688,0.7678921706971,0.881307196616989,NA,0.875989648530863,0.895788776264892,0.796741243818887,0.704575181006659,0.847939184733534,0.882873510364876,0.868920113168531,0.710470349180886,0.902639204942643,0.908442271252294,0.942633056640524,0.94435612414327,0.919313730299282,0.834379094838827,0.815865899315157,0.852647067606394,0.854745106697009,0.877502573163794,0.875469904932376,0.49562243909513,0.411225495488042,0.451640098174572,0.460045838898344,0.338840226544335,0.305405417004308,0.501449288234104,0.666666686535911,0.729103581692237,0.741324469726564,0.765522889793163,0.777254915237344,0.674640542268565,0.51596641540553,0.524357326825378,0.67630957693283,0.745566937586308,0.880672276019802,0.705197652180914,0.878654086148136,0.822133609803808,0.835844523027666,0.818562102317567,0.693700477164171
22,0.903485844532646,0.849968383389132,0.84705883264541,0.57291669212282,0.903529417514799,0.886576175689696,0.869135810269249,0.630252122879036,0.923062562942502,0.992688601299866,0.822058834135528,0.831442587077616,0.831459705034891,0.858300662040712,0.836414575576781,0.777229614796176,0.807843148708344,0.834036265904049,0.878787886012685,0.817927181720731,0.856241041567266,0.84566730837668,0.862923356619747,0.845378143446785,0.87856209874153,0.678954267501842,0.943734018698978,0.888515412807461,0.811045762896538,0.8363834520181,0.856410264968871,NA,0.850695198232477,0.830501099427541,0.834229010122792,0.872784321308135,0.747504471377894,0.636363658038029,0.820619871539451,0.880000007152557,0.871241837739945,NA,0.633986949920675,0.526176498830338,0.5960784554482,0.557647085189822,0.502156878262764,0.385294124484071,0.358627459406869,0.375757583163011,0.378431379795085,0.370281870476904,0.355933961115392,0.408431378006952,0.472916668280997,0.670588254928678,0.691568645834936,0.466666668653509,0.2790123588509,0.462339420770794,0.555294144153603,0.558024717701811,0.585994422435768,0.597734228769943,0.62591038644315,0.762636179725353,0.46799852207022,0.542483687400834,0.613725513219847,0.692733582328362,0.806078442931188,0.735746622085584,0.845276301557383,0.818300664424903,0.837076658552345,0.818954259157188,0.514807331150984
23,0.818235304951668,0.758373093363401,0.748937923461199,0.842483669519424,0.901252994886259,0.896564052344483,0.86657754805955,NA,0.798482738435268,0.874127219362957,0.697711134336859,0.736965256319805,0.845213705129584,0.876339876651764,0.8687378059734,0.702065844088793,0.843068464806205,0.824812101945281,0.706441365966671,0.72415687918663,0.835126060247421,0.839775919914246,0.861609468112389,0.835581706960996,0.863049891328565,0.767015264431636,0.801997560821474,0.755496421281029,0.694444462656975,0.74007471203804,0.878057897090912,0.868903810945933,0.861409905552864,0.769187688827515,0.694720197934657,0.765533783038457,0.658823549747467,0.657103563609876,0.715005002031892,0.881127458065748,0.870278118976525,0.803174614906311,0.872847813367844,0.835988968466092,0.540898043375749,0.479719053008663,0.433382113033266,0.379298878257925,0.336994495010003,0.323666221180627,0.340709626674652,0.377902484057765,0.392793001450655,0.462051284313202,0.475645960769921,0.571870312094688,0.600186765193939,0.29453553137232,NA,0.494682918529253,0.671895444393158,0.653427203496297,0.453050111730893,0.507910779837904,0.600739208360513,0.632857436693988,0.399587209287443,0.524007680212579,0.715313316201386,0.787815138697624,0.871663778643065,0.85129412651062,0.834320404699871,0.626481152349903,0.656136041337794,0.608278890450796,0.496577227586194
25,0.691627411176982,0.599961451037595,0.57164406776389,0.894655127210937,0.928837880855582,0.919108607672195,0.865413477757676,0.328976045052211,0.691145365436724,0.765211196506325,0.497164812039651,0.612233753814268,0.870552132801356,0.906172845098677,0.667736205188397,0.865054380970211,0.834464835223235,0.778903275728104,0.555137710004367,0.545507947772473,0.836049658989567,0.885942180277886,0.900284279533169,0.782581914991203,0.875423053355966,0.803206983407214,0.682807634705945,0.621691199019395,0.559314634993202,0.618300676345086,0.89680441738348,0.329411774873869,0.872109635787839,0.784000012874376,0.771856991683818,0.666578230104988,0.547483448564745,0.554977402092008,0.579921593666257,0.906107736044882,0.895501271250704,0.848627460002794,0.874211025238013,0.814359872656907,0.684927424856673,0.662929662536072,0.631123582521804,0.552380979061517,0.700396346602004,0.873352906191953,0.876767245605861,0.888230923406311,0.849325573937924,0.839864223964599,0.808721751463444,0.776009240571727,0.672423882687221,0.576896551619592,0.509104251861545,0.878327434608946,0.910124909411128,0.916907014670179,0.853528801951128,0.873597155484323,0.851734548807238,0.634105785326672,0.419385430617431,0.309025951632284,0.238946869729218,0.246093830435229,0.469690528620502,0.740204304905964,0.777019252911312,0.790339760367039,0.797355233236295,0.700578916072472,0.639470355077054
28,0.694007508875379,0.637525821398124,0.666249112122236,0.618797680673479,0.922431568936204,0.905369133157256,0.873690709615937,0.40445920873051,0.717042500525882,0.800852526789366,0.618574274140572,0.688372356756862,0.871072154492118,0.89716880954801,0.872077259578189,0.783959707866001,0.840332253525733,0.81787291918131,0.605239239215708,0.612605065107029,0.857922636979279,0.87129285470724,0.887949225759853,0.866204493279951,0.88169349162041,0.792810469865777,0.721629918553024,0.683341322875503,0.649019628763091,0.70354032268087,0.894229837540352,NA,0.865998401462207,0.584873974323273,0.781164892788511,0.654199610895258,0.535294145345614,0.559237158624373,0.600563909493361,0.89394111974452,0.883461724966752,0.689292814289516,0.871334799791639,0.805897107249784,0.662745118141225,0.655403318222075,0.634995759180843,0.579598531126872,0.689289418490197,0.89025055120387,0.862948726117583,0.87157599146203,0.846397493012616,0.859491738027805,0.831323539465744,0.813849240107322,0.6714761572066,0.59826799780135,0.227385622263144,NA,0.895872039230237,0.823292494192648,0.844934649765532,0.874007742091508,0.859395433217334,0.666862764954959,0.556668735575129,0.602941200136904,0.73650076985333,0.836771081794365,0.890639809840298,0.806877611035583,0.860797137606431,0.799029138192422,0.755012442108463,0.682864469029818,0.637829294710137
29,0.601960808038774,0.532627478838208,0.53502676568265,0.87684766948211,0.935087723167321,0.920639839611514,0.900684000447726,0.817927181720576,0.689433569709565,0.419607847929001,0.511204510927067,0.598385260385996,0.888921575248198,0.907924842089379,0.890291732985758,0.847229335618908,0.872303929179728,0.859477132558742,0.523378610611094,0.525254930257878,0.785822033882261,0.871252915616699,0.899979551633168,0.893137238919701,0.900717366032433,0.846938169002456,0.521942138672035,0.418685125954281,0.33774510771072,0.267999008298086,0.350762536129254,NA,0.76687980929156,NA,0.544248393178053,0.708496749400277,0.589760373036264,0.581662023067537,0.71210572900996,0.895922819773427,0.878431379794789,0.268778294324875,0.370079891550809,0.41314879410596,0.377502587281515,0.346568636596868,0.278431385756194,0.26334187258861,0.283026973717318,0.318431383373761,0.320526971482681,0.268137268724064,0.305083526506638,0.402557550565455,0.368750007825529,0.384162902832362,0.384500473738481,0.30840337276512,NA,0.437340157188999,0.483660131693651,0.456246501207423,0.42791234570472,0.43398693452661,0.450653597712851,0.453308826313767,0.297577866736715,0.417927175760843,0.35200747847598,0.431372553110951,0.480392162503819,0.525054494540406,0.472549021244431,0.546502084643859,0.583823554218126,0.572281665422869,0.460110296495393
32,0.618616700172488,0.568627476692223,0.552454866879615,0.930227747429953,0.93276400885111,0.921783578018313,0.890915595094582,0.338823539018934,0.665791229370716,0.756862759590149,0.521695450326984,0.572218752560888,0.738669711095378,0.907842093639131,0.898592461399189,0.822149721548813,0.876107487413587,NA,0.533139416124464,0.537477582693204,0.854103247435701,0.88535931352838,0.894746307613804,0.877573823674156,0.897323205062535,0.829826145390174,0.64790010511291,0.598896024449562,0.523876348137962,0.577535944100683,0.907730339596066,0.479995715324523,0.866839684984217,0.818449854526728,0.792764763940354,0.62804668387296,0.525459666685776,0.51505544237474,0.538323241744538,0.916812274420559,0.893911255033282,0.734482459966421,0.898399607734465,0.814039398769007,0.6253936487297,0.622420335849761,0.600559471964647,0.521949106632888,0.57299956469279,0.88682413033458,0.884054216830124,0.898730704539604,0.893899344118976,0.88686683680863,0.84514347202075,0.81875500794768,0.665262341096795,0.591605713467702,0.512664306227893,0.343345858315316,0.353198142842665,0.413842130088965,0.529757088085608,0.543979155183495,0.579879110008657,0.598074310581973,0.356156619128184,0.326297588208381,0.297952500730895,0.403570726965588,0.647699789078103,0.665178779633093,0.637227940313495,0.692013527602562,0.72565878664755,0.678296878816148,0.566503293812306
34,0.613333356380463,0.584313750267029,0.574367743471394,0.926293413323092,0.923666215220163,0.926436785993905,0.892011625899209,0.294864624738693,0.633202636241913,0.716078448295593,0.431729059327732,0.605392180383205,0.737254917621613,0.914596954981486,0.547857688532935,0.789542496204376,0.788838624954224,0.796601319313049,0.550433533532279,0.566488439386541,0.876176477968693,0.886650557387365,0.901593137532473,0.876549011468887,0.893353711475026,0.831439026331497,0.654671300860012,0.612730038166046,0.53331545444384,0.593899806340536,0.914033069330103,NA,0.883921575546265,0.834926480427384,0.602369304746389,0.501960813999176,0.391970127820969,0.386181145906448,0.367266914674214,0.346949900190036,0.403812641898791,0.532549047470093,0.487843137979507,0.526648869568651,0.513725504279137,0.523414099917692,0.462745100259781,0.403519362211227,0.428303499584613,0.557647085189819,0.624026534423022,0.666952634230256,0.599659017894579,0.615427732467651,0.644967341423035,0.705580711364746,0.710980409383774,0.526908663993186,0.452631581770746,0.701797403395176,0.81496389131797,0.834193336336236,0.763000866641169,0.79821748083288,0.800000011920929,0.803921580314636,0.627991908583148,0.701872676945804,0.739215701818466,0.776220288682491,0.869649275927476,0.869803929328918,0.883961796760559,0.839941912227207,0.858220219612122,0.850980401039124,0.810059687365656
37,0.917598649307539,0.881808285911888,0.874208152294157,0.553553948178893,0.902087292363566,0.891612909686181,0.863488851950086,0.337572876666025,0.943122403865512,0.982262444496162,0.804094909304415,0.845920312789179,0.842557605575113,0.876833703782823,0.858436222429629,0.807912927505385,0.859499670308211,0.871919639684535,0.894545460831038,0.85502451844514,0.868750708103181,0.860135480707339,0.880165893297928,0.850149957572711,0.886349931359289,0.84303268909454,0.950634374338042,0.903208561918953,0.839718461036677,0.859869289398193,0.867146377169758,NA,0.868622071938972,0.576470613479614,0.806720814319569,0.879048255722173,0.504668563604357,0.46268907785416,0.39739406051175,0.435084971189523,0.666176490485674,0.466666668653488,0.744568112734202,0.623725512623791,0.474509805440903,0.527042511850603,0.496669779221231,0.449877453967935,0.481653554234545,0.785620927810684,0.791939010222759,0.821142350849898,0.686300327903346,0.768357011778601,0.747875832021236,0.784204805890793,0.75088070610823,0.562457542419434,0.356862753629684,NA,0.88045541509505,0.892810463905325,0.829051630837577,0.847164820980381,0.839750455184403,NA,0.468574458682853,0.711661523894258,0.817401971667993,0.806790134972993,0.863970596343275,0.713574677705764,0.856055371901559,0.833668972994826,0.860690951347346,0.752639532089232,0.356862753629663
40,0.75873829230017,0.609514648797071,0.605997716679283,0.8467023264278,0.914392996341622,0.905651678057276,0.864379093050954,0.255991299947097,0.665482046082588,NA,0.513615052464985,0.539037460630563,0.759015777531823,0.819607853889514,0.704987977680446,0.823394195786845,0.762091517448452,0.750588250160275,0.542766322960713,0.496948273446327,0.773856222629658,0.759477138519389,0.823529422283182,0.780945795423874,0.830392166972164,0.745098054409018,0.660699082457492,0.57112302021546,0.512854059537248,0.526084401390757,0.850980401039096,0.546606361866021,0.453921571373977,0.450980395078655,0.410457521676946,0.364705890417102,0.359912862380329,0.322477023985427,0.28470589518547,0.276862758398057,0.656611382961266,0.495324283838272,0.608784337043755,0.630155532524502,0.623529434204102,0.508295655250558,0.471716359461826,0.418163059573439,0.463071897625915,0.730277581648387,0.716526627540555,0.695707466151261,0.627668867508559,0.709184743856117,0.730264295702388,0.784313738346088,0.770308136940004,0.595238119363785,0.399688770373654,0.857647067308421,0.896296302477518,0.884398983872459,0.700853535708256,0.740616261959073,0.743137270212175,0.751540631055832,0.528994604628145,0.610457539558403,0.760092286502627,0.789215698838239,0.877647066116335,0.887581706047066,0.862644553184515,0.83947713375092,0.858039224147809,0.838071905076517,0.346943492398544
42,0.59890941014656,0.558981638733676,0.546840291778727,0.87563946734866,0.92237780267775,0.910783659290728,0.880975616850483,0.430902254317517,0.435221113581704,NA,0.346833599708545,0.311345551249622,0.329600952945755,0.339534142354522,0.380569224772321,0.394411331361768,0.413562096655406,0.478545695174769,0.389803928136883,0.376992080756996,0.562475415133785,0.719730958409425,0.730205805341081,0.684592223235885,0.668993539884418,0.616725060369144,0.650063115402653,0.595572793679972,0.55020782732122,0.56887343470988,0.834647270822038,0.85456574521959,0.848303188309144,0.796605739760514,0.755878067526379,0.764724704859066,0.645509192539754,0.51613070256352,0.256500123851157,0.284162908792504,0.603183480943078,0.64167241015793,0.708544592226838,0.655709067590215,0.572820493855447,0.518533557594765,0.479304001654158,0.422412491631964,0.488193811373252,0.787230506539346,0.7819711172267,0.792138212563725,0.747113670123055,0.694754060161745,0.720712406406364,0.741033148463949,0.715459534100171,0.529422240983574,0.37503538242317,0.87110305683203,0.904361783306265,0.904832238479872,0.735864412784578,0.777224749326709,0.785770748952741,0.694709600142753,0.530844673514421,0.518010326373065,0.755383104931091,0.795969131516245,0.889170973238181,0.905330293097542,0.890234476643851,0.836308662571123,0.844814045975604,0.779995703697206,0.51130408334556
44,0.939215689897537,0.869673210382462,0.845315913359324,0.53986930847168,0.862745106220245,0.856108605861664,0.825942695140839,0.368627458810806,0.938375353813171,0.924183011054993,0.697022530767653,0.798039227724075,0.795424848794937,0.825842142105103,0.791111123561859,0.735522131587184,0.789826667827109,0.775757589123466,0.824705892801285,0.760427821766246,0.786666679382324,0.787028670310974,0.805347605185075,0.749803930521011,0.800840348005295,0.728104591369629,0.994117647409439,0.866176478564739,0.74117648601532,0.75555557012558,0.817385631799698,0.391176477074623,0.790745079517365,NA,0.651307210326195,0.845938384532928,0.703081250190735,0.603921592235565,0.736819187800089,0.837803931236267,0.820530575864455,NA,0.844947218894958,0.486274518900447,0.968627452850342,0.915864532644099,0.878200699301327,0.71265598860654,0.726470604538918,0.810539226979017,0.80305012067159,0.817320260736677,0.778921581804752,0.810893257459005,0.864884143525904,0.948327569400563,0.994985535496571,0.912500005215406,NA,NA,0.820915043354034,0.837161540985107,0.789106766382853,0.832679748535156,0.833986937999725,NA,0.104456329210238,0.547712445259094,0.408073823241626,0.408912661400708,0.429590022022074,0.419607847929001,0.509803950786591,0.590849697589874,0.646568648517132,NA,0.0894830680706284
46,0.981554834087885,0.867647066712379,0.834313735365868,0.740715125027848,0.892352947592741,0.872976377606392,0.847002810239799,NA,0.989215686917305,0.379551827907562,0.72399628162384,0.787037049730619,0.789494081779799,0.846678258497507,0.806166249092184,0.725770324468599,0.813052396276107,0.798248631861605,0.848774518817659,0.778328186587284,0.771353433044954,0.810675392548254,0.831176480650914,0.776342521516644,0.839215695858006,0.697385638952242,1,0.869683265686035,0.774611941538751,0.781263629595439,0.824809659387649,0.682788689931263,0.809450965374714,NA,0.72701526681583,0.77254903316497,0.780968871186593,0.62056647141777,0.747885675315391,0.853547245805911,0.837751643657683,NA,0.868627458810803,0.71225491911176,0.971104232888478,0.976292336528973,0.93965141971905,0.75107605500918,0.695271067759566,0.826116848852213,0.813550431281327,0.826850075394874,0.814935346867176,0.838536962866783,0.866666674613948,0.994162550864329,1,0.964450129996167,NA,NA,0.830819517374036,0.84985209013286,0.780729509169054,0.834928114414215,0.855690545685911,NA,NA,0.645343158394122,0.549326007254346,0.523573013146718,0.550028038024925,0.636788070201882,0.67075165361166,0.726191631177593,NA,NA,NA
48,0.930092759831876,0.900712616018406,0.889284492323216,0.816073365871124,0.9156678856873,0.909312614275807,0.894632859421607,NA,0.943442835049148,0.980780432129915,0.83881898661741,0.87002755595626,0.857197394132631,0.887091193946251,0.878359258997021,0.811764717102118,0.897353442442211,0.902489163468887,0.877660473187727,0.883997844075206,0.882858462864511,0.869632989168184,0.889559956370405,0.879204888409431,0.905105110761293,0.864110209142062,0.945266547379994,0.90555556118483,0.848056045196456,0.873450478640394,0.876460654993955,0.896732032299054,0.900752499895658,0.864797877823841,0.901405851233651,0.914233431816043,0.829348199959438,0.724321004086072,0.58566230648675,0.338935583830078,0.370793101058404,0.358488769793191,0.419305326939116,0.42017482167346,0.386301876362588,0.362323111360721,0.347766204159845,0.32414358902719,0.362280709963729,0.517424587240324,0.565788729423205,0.565880098836061,0.521423412695491,0.550171206395907,0.553438826379989,0.588932044011766,0.574514975698389,0.385941183269658,0.272217071957983,0.666026430472298,0.756349939108515,0.752297499415364,0.684079620820638,0.699942347758664,0.681877618486761,0.578758195042952,0.450721680497476,0.43302321327612,0.574448554777287,0.651132411735545,0.811810316734838,0.846367198008205,0.83035131730147,0.694016332774446,0.70263159667198,0.651711203920495,0.566489677255639
50,0.639215707778931,0.463602943345905,0.493658088613301,0.705555573105817,0.853287205976599,0.844675134210026,0.83217469806021,0.520798347890383,0.868767514824863,0.972549021244049,0.665062408555637,0.69988189835146,0.854939317703247,0.896756239511348,0.694271452286667,0.852893361231177,0.824673213064672,0.816666677594184,0.768468482268822,0.715056039392946,0.795276304537601,0.879227060338725,0.881901960968971,0.748872565105558,0.865002978931773,0.476367390469506,0.900098045170307,0.754372033718469,0.667040169239043,0.712673379153738,0.899276383221149,0.633473411202427,0.886205701451552,NA,0.735294133424754,0.823831081390381,0.625074294480409,0.503112385670343,0.663292313730992,0.903327397324822,0.900414787232875,NA,0.895975238398501,0.870098046958445,0.650980412960052,0.735620930790899,0.71463048458099,0.610802834888673,0.666405248641966,0.904699663321176,0.898083785040812,0.906535943349202,0.894424021244048,0.877450987696646,0.851333342194557,0.893363505601874,0.992952543756236,0.640336155891419,NA,0.887139568434042,0.911134459078311,0.920193829413118,0.859068635851144,0.286274522542955,0.34993464946747,NA,0.349019616842275,0.4450980424881,0.493404643102122,0.577296206825668,0.681904780864717,0.774509817361834,0.663907064331909,0.728375894843409,0.89686275124549,NA,0.272352954745298
51,0.907189548015444,0.857225861813887,0.846597471657921,0.79398694038381,0.902801126241836,0.893504908308413,0.874509811401367,0.84052288532209,0.930216193199102,0.834690809249379,0.811764717102051,0.819887965917201,0.84183007478714,0.865359485149762,0.8546928191185,0.820119362810384,0.860843739726345,0.86666667461381,0.877170875667728,0.836326119145996,0.859536550261687,0.859313733875639,0.872766865624322,0.862254887819158,0.884095867474814,0.835947722196327,0.915424841642335,0.887254908680655,0.808419849941854,0.832135086257922,0.872766892115371,NA,0.828104585409164,NA,0.850840345024717,0.860392165183156,0.763725504277921,0.745790095887006,0.790648579597077,0.884477131068682,0.872664367451387,0.282352950424766,0.895985066890717,0.886274516581717,0.938970591872715,0.942414864113058,0.92091503739303,0.802240908144515,0.81424837708448,0.853081241250038,0.850392165780033,0.87058824300766,0.86372546851635,0.667728777976578,0.672222241759591,0.818382363764068,0.776470601558685,0.588465999154484,0.152941182256105,0.583006560806423,0.686694696551091,0.722984765969086,0.645686295628945,0.704575181007866,0.750980407000561,NA,0.623202636838477,0.529411792755992,0.672370786018536,0.746218502522596,0.848128351298639,0.810312284365242,0.806971689066588,0.789433563749209,0.818894841454246,0.711764723063461,0.526764734091077
52,0.911312222480774,0.872584677826275,0.859698887914419,0.789661331610246,0.902614384889603,0.893800467691001,0.875044570727782,0.852287590503693,0.932418304681778,0.943790853023529,0.807572695715674,0.835516943850301,0.841167765458425,0.878815847284654,0.854030509789785,0.837139571414274,0.877124190330505,0.868582895533605,0.887132359668612,0.846875009126961,0.869063188632329,0.860990720359903,0.876809937449602,0.864851992504269,0.889901967346668,0.835983051641567,0.909803926944733,0.891806729137897,0.822816409847953,0.840522885322571,0.87759477853775,NA,0.800522887706757,NA,0.851724146768965,0.861051701686599,0.755032694339752,0.689869299530983,0.828180584796639,0.886274516582489,0.871488275098019,0.317647069692612,0.903529417514801,0.901395179331303,0.951400563120842,0.959041396776835,0.919669122435153,0.81590415040652,0.815947723388672,0.85960785150528,0.850700289011002,0.87343136370182,0.87426470965147,0.6925029018346,0.694509822130203,0.933689843524586,0.688104593753815,0.548907589912415,0.166817501187325,0.400490202009678,0.467787116765976,0.527566348805147,0.601206660270691,0.676330551505089,0.695955900475383,NA,NA,0.496078431606293,0.608656168710895,0.687867665663362,0.787423947761799,0.685977439988743,0.769444458186626,0.744713586919448,0.992156863212585,NA,0.413165271282196
53,0.917647063730526,0.600891289385759,0.590718978643432,0.495098039507767,0.930837793783699,0.91121057647724,0.885947719216305,0.752941191196171,0.794002319083335,NA,0.570196104049466,0.62249744252149,0.855585273016693,0.907777783274732,0.877158590053252,0.843483284992187,0.872222229838318,0.844424028880818,0.603050132592546,0.548555238466592,0.815073540434056,0.884395431727204,0.888888875643402,0.88480392098412,0.89614846557372,0.819063191612465,0.680392175918261,0.64771243929848,0.570472920642286,0.653921589255918,0.899526713223324,NA,0.844668051914347,NA,0.854560963485505,0.671241849661061,0.525359505415125,0.531307217478833,0.577369306236584,0.921942114830065,0.904306041843758,NA,0.898249305784692,0.855574238300185,0.734640538693375,0.688687801360585,0.635294139385494,0.545604075154881,0.641889504411127,0.904575169086516,0.891327306628258,0.906769366491424,0.902992766154411,0.889181886253714,0.863445386290724,0.849607852101569,0.873707672411635,0.640998238867225,0.219794586300953,NA,0.889164093293699,0.906909435987409,0.848039224743873,0.879946531219924,0.846746889705063,NA,0.646901981830459,0.615163421630235,0.755080228502198,0.853993313341652,0.8902894556523,0.836881428956484,0.870409989898814,0.824736058712213,0.7789215818046,NA,0.604826569557065
55,0.936825984157678,0.906471727211365,0.881486935168475,0.614752590656686,0.900534765286912,0.888531268205344,0.876588715128126,0.814103898249134,0.945930597682802,0.552228190679814,0.865836224836511,0.852519244332831,0.830089576818304,0.866856427923287,0.7997989058496,0.821794215029298,0.869687734709817,0.873945750194035,0.908383358802149,0.868235301971366,0.861589644104186,0.850980401039078,0.87091278659884,0.846205868199445,0.887740523458619,0.555182099342859,0.928310977785241,0.904473498794786,0.847856727513364,0.856209158897313,0.857470748729523,0.728370114229495,0.822260679567503,NA,0.828090679138239,0.886091834825037,0.787722081345972,0.646046569798032,0.832965696230445,0.864086695407534,0.860534767671035,NA,0.9004119354136,0.903807195276012,0.951926980553048,0.944931167237326,0.930093780807857,0.849877459928395,0.333333343267441,0.84705883264547,0.839215695857982,0.855531347386647,0.861564604299345,0.872984757026019,0.886943673094139,0.91742568487125,0.942701528469811,0.937678859040592,NA,0.362431380748722,0.85357079484043,0.869030740666861,0.828931582825471,0.872002141816255,0.887117864624175,0.934046349742305,0.834667765845918,0.724458220758282,0.620392179487951,0.552941203116925,0.611960807442397,0.634087502956765,0.681979477404705,0.810511993864997,0.891157253700078,0.923358913349108,0.783193290234177
58,0.949578993760789,0.90469362531107,0.882505387204086,0.708096297486356,0.88573934841867,0.871335026051385,0.862667561082519,0.767115301810778,0.950994072076862,0.993062297247469,0.851014420954211,0.842912746977262,0.801192405710141,0.847283299523172,0.790732972323895,0.781947205737463,0.851921663807997,0.848295311568775,0.897122886291772,0.843943946099689,0.835400558339283,0.82364257844963,0.842133583495457,0.821105194692854,0.865988519956914,0.775496349703048,0.952809974385018,0.903562608342053,0.829363581061661,0.83205119069786,0.838104584813123,0.811612453353011,0.822300382286312,0.773281947646325,0.737688304809693,0.875882360339167,0.760338511823874,0.679630010627041,0.804661825863703,0.853120048104563,0.840956116693284,0.282054962629976,0.890665448756191,0.903497126162155,0.96161744594574,0.967976759759488,0.938131461598952,0.841141914948823,0.602008632043502,0.836561679570908,0.825988710936855,0.84240803590491,0.852214072716726,0.870152891095785,0.890064037247567,0.940389788499284,0.970042893942447,0.946131724700587,NA,0.809083809960824,0.849789461157971,0.864016284955765,0.815002981912008,0.865146066461292,0.88211279450473,0.952235390446615,0.447436356706729,0.556001276583289,0.391439056617727,0.363674601367183,0.346875238619499,0.359397824133066,0.389719137468857,0.443267270648806,0.514130533620971,0.53494491114546,0.306128005990703
60,0.871372556686389,0.755757873256987,0.734746492526058,0.765287840350389,0.921507753961915,0.908769831839635,0.881761426699222,0.820938897176395,0.850565280060551,0.705525864254345,0.710211712570247,0.713606371004301,0.833179709445884,0.893607698279093,0.794823793832106,0.833630339946406,0.859149516151649,0.837468815391704,0.770767987519415,0.713407687842593,0.821041175670767,0.873723893809174,0.889683213106463,0.875405931583625,0.890739811636924,0.681792736053426,0.861168393154691,0.799374834350843,0.70373455762856,0.734609538151767,0.88658411408725,0.592533357620117,0.8351894253955,NA,0.792737222180314,0.789730162018634,0.6617473739701,0.594906027784092,0.681424167595477,0.901825908187081,0.88557440545792,0.296594439368329,0.892884218893118,0.87033200416375,0.893707256677627,0.869739668334296,0.810892258078727,0.688682509096124,0.532532180509259,0.876143798232064,0.867706330483439,0.883505553812586,0.885929237792294,0.877568505961311,0.860744710221414,0.873918195479923,0.8487025538657,0.798731269205193,0.247581270486667,0.806535959243774,0.892400933028766,0.906519364584519,0.850255405201633,0.883070735260837,0.879681509402081,0.88494500924894,0.767139616199303,0.770751647651264,0.786782652593896,0.818323024244656,0.880852348038131,0.877282920479779,0.870831006765362,0.743324011564032,0.725045768022506,0.680611453237913,0.518573611974611
65,0.614429050406743,0.550722420999712,0.535673120442385,0.762275385856306,0.921364028557544,0.905989665148936,0.87158030644063,0.755531104012305,0.672424087191467,0.538544919145735,0.51219365652633,0.547623369315861,0.859618309020954,0.903318909081563,0.880529171822506,0.847741185546017,0.858707343207548,0.822505904432433,0.536345987764234,0.506978568833526,0.810448481343557,0.873025974711893,0.87468360554094,0.851276540826568,0.871369368419495,0.791354479295105,0.604629012416454,0.573673560160588,0.525061302818165,0.57508653051684,0.898225263709981,0.814703531006614,0.866539083884751,0.830556872844454,0.782796464860499,0.589153539552881,0.490564706444583,0.414020088117536,0.54120576337184,0.896646948961137,0.873819615364113,NA,0.863241208245988,0.800127197922836,0.624335073632483,0.603421309847893,0.581069730339231,0.52717419196554,0.617092037438253,0.613071918488399,0.37246505357738,0.370390183997994,0.400442187362691,0.483740574121888,0.551282645056446,0.627067370907504,0.630742600165356,0.419607847929118,0.324620503812137,NA,0.762983071428226,0.745332222136428,0.709264127831908,0.742919405301763,0.752487114856475,0.65412323018311,0.425470151601282,0.559702527933802,0.693149085144922,0.750063676725565,0.880820381230298,0.696301554442591,0.85289449989804,0.743713592660642,0.768773247982522,0.803454108585085,0.691932512752871
67,0.975579324093071,0.600800343921906,0.508762284181957,0.369607850908676,0.293313235044406,0.304267601055126,0.304267601055019,0.423873413550121,0.946666669845573,0.360784322023371,0.36899741809315,0.366573303937863,0.327814098861192,0.315686285495935,0.354779420421066,0.376470595597203,0.388235300778905,0.441073274926001,0.409725495576854,0.33960785269714,0.419607847929247,0.587330341339267,0.571960780024114,0.585882365701972,0.59215688705291,0.54509806632906,0.989969834685329,0.833333343267383,0.427450984716269,0.407988386021638,0.665359497070175,0.710784330963864,0.716339886188105,NA,0.646351676495426,0.801960796118136,0.458333335816983,0.505882382392453,0.504761917249754,0.805415511130984,0.828895779032398,NA,0.83810961246476,0.802178661028596,0.981232494115812,0.97219251502588,0.893872555344618,0.573507650693393,0.589019632338604,0.848897067829974,0.864661327139869,0.874986729106177,0.84334734507961,0.828151270747297,0.84803922474375,0.977124184370147,0.988235294818878,0.980259970332819,NA,NA,0.900043578942641,0.920098043978197,0.84474611282354,0.877647066116395,0.865163406729648,0.984313726425171,0.997129309411148,0.664612531662166,0.827807496894651,0.83349674195064,0.889324625333245,0.909536547281566,0.895578629830339,0.864566599736481,0.995041113515059,1,0.908722114974472
68,0.935788898824521,0.905101675954102,0.891421575099214,0.839514076061912,0.912405736744402,0.903729758508825,0.888221778129704,0.872841058893368,0.947039316394453,0.995837104320527,0.871496899098852,0.865963187153982,0.856013831736038,0.893317960991585,0.876013079285613,0.854147821664798,0.892617737253492,0.888414572477327,0.916154193945894,0.883584945338991,0.879882360100742,0.871278148558398,0.882469045488469,0.87209718058938,0.90300654172897,0.846307029378246,0.930464782648521,0.697629517583487,0.525326825678281,0.428560115171227,0.36678398648908,0.356566786203836,0.377257553004767,NA,0.395585158523605,0.562091529369324,0.396681755781423,0.337831199489866,0.372411909428567,0.516941205263343,0.623839031709224,NA,0.623384190930414,0.631426291106987,0.733333349227905,0.61208442209848,0.629747921228231,0.454421771424182,0.452962726354599,0.686322942928145,0.734234250075064,0.764942539149285,0.710336590141676,0.740673720836656,0.743488731530424,0.911291418403781,0.988207482277094,0.805258478630415,NA,0.772549033164978,0.875124385552648,0.868651666023146,0.782093438593832,0.822938501018456,0.829864263534578,0.994611006013813,0.749850824798989,0.769856613073582,0.704502924303286,0.715840078451964,0.828952216077642,0.700536709490851,0.866920850343199,0.833724218548496,0.933010384615997,0.995005365627918,0.704171899151168
69,0.924854333002932,0.877805202433202,0.859578751527846,0.762135679254791,0.867889916131285,0.854799909687614,0.842493504734326,0.797619059682591,0.932974536336739,0.850386598885123,0.838023053923891,0.846805706361876,0.795551727100827,0.832073212623661,0.80015975452336,0.786380258724899,0.828851713768129,0.822368811049067,0.866992543578553,0.831257218823822,0.8235792389549,0.807829718679663,0.824958587015064,0.809472008681242,0.848467551388836,0.788872489196726,0.916271281117337,0.87352941930299,0.822726989146561,0.821924700888295,0.819407653701255,0.810950296894374,0.80533704213719,0.756384701728607,0.704025897353698,0.851960793137612,0.731184438357426,0.630770238591323,0.777048681361831,0.823772494704341,0.626702295199387,NA,0.350738218178696,0.320522886514772,0.333967827042773,0.315808033534206,0.302522133939684,0.28709018317957,0.294910885664566,0.275913692437773,0.285017190125998,0.274591516703463,0.259218536471424,0.281707959347879,0.307970827679887,0.371099235253182,0.45848576814554,0.301516844979001,0.293374234042642,0.406632782132566,0.429211688893397,0.451968049341042,0.493174630963284,0.517139494170607,0.538137282431625,0.530436083007531,0.344910837897337,0.391278024278996,0.442058433251664,0.481810395145085,0.644556510448635,0.706762209534985,0.724452760484846,0.611047195675754,0.623799887197094,0.627262336077453,0.482136923630665
70,0.908333338797973,0.862641907052454,0.825061284936968,0.670934275669232,0.660784333944543,0.654901981353765,0.628503130703918,NA,0.69245598376854,0.866666674611508,0.40216938422123,0.376140744051657,0.321119291708093,0.381678604417231,0.486884532371399,0.496791444041851,0.466811911927333,0.490098039805181,0.38676471263127,0.366158323155756,0.54395869172908,0.718335070108106,0.709150314331031,0.636692257031125,0.613970611244721,0.536235321760564,0.984726523098019,0.499607847135972,0.417708338238469,0.433450050652196,0.792763784527884,0.791334610793011,0.782371613241418,0.725947728753412,0.670915052294725,0.63823531568077,0.519744670668437,0.438954252003956,0.477450981736336,0.821568638086315,0.844781792932939,NA,0.823202624917208,0.755575994960763,0.767320275306926,0.732579201460171,0.684803940355482,0.554844317190928,0.486196079253977,0.837675079703329,0.843800914287594,0.837679724892078,0.812908490498913,0.809158938103678,0.790486577484371,0.820622848061952,0.840703187317233,0.737159269611849,0.294117659329481,0.821312883625481,0.899831336352147,0.908297335697376,0.839542493224201,0.871195152401827,0.866339877247674,0.852591045200869,0.677302455360123,0.736338187347448,0.776421581953519,0.812121223319093,0.842433393001554,0.816755804148686,0.885868837093484,0.795782769719759,0.799836613237586,0.799019619822616,0.696764723956204
71,0.93535737260704,0.908823534846719,0.894571981415664,0.726093530654932,0.903833778046913,0.897219789562039,0.89038738099553,0.827654708515579,0.954667655926808,0.988392157554714,0.898197349521514,0.901995189880039,0.851164748271456,0.89404295682912,0.793914819585683,0.863389363884978,0.896296302477557,0.892378248034061,0.917883710100816,0.894543910804169,0.874803157068698,0.870785554625041,0.883438365800067,0.869803935290205,0.896114088188648,0.793207295239292,0.93049020022162,0.913210789486936,0.875363115635438,0.875054473678561,0.876520027132633,0.875502015452944,0.887244904950659,0.84396285759767,0.73630423437386,0.910192971428218,0.815859295866302,0.62816401503442,0.863888897001793,0.883883316342483,0.883873556341569,NA,0.914890598991688,0.914438507773754,0.955769233405764,0.956414568424267,0.93930906057354,0.863725498318822,0.603921592235565,0.872818859892239,0.869230777025288,0.885077508036531,0.889688374208639,0.895431795969985,0.907593588395563,0.934499208991602,0.941607846617925,0.932456144376783,NA,0.366106450558304,0.883111961426359,0.895424842834568,0.853611979829786,0.89371069815934,0.90366013646136,0.940222579079749,0.851179802822159,0.922151043273389,0.88837877279393,0.860504209995671,0.874981852041362,0.76507937908154,0.881542858943147,0.907952075203257,0.943240457459605,0.94901961088196,0.93089926037284
72,0.936335031633012,0.889748293429502,0.871005924848395,0.791086578082753,0.869247863185576,0.85704205837924,0.847684588314071,NA,0.939346408843972,0.483579801614263,0.869191329295818,0.859617146015581,0.806553638898398,0.840447370393329,0.732859313487971,0.79919370813903,0.841696254035158,0.837111493051528,0.877846631566721,0.837039181071284,0.810097278572417,0.800172970382913,0.819978033979938,0.775460091579675,0.855593267872938,0.648093862617441,0.920957328817418,0.884191798721789,0.824626339983989,0.820823168318097,0.824942987103212,0.820845155965466,0.810567118506199,0.741763831357063,0.769993987658247,0.868155328955057,0.748524588454844,0.761670354641483,0.785562012229144,0.827327762095219,0.817730568579135,NA,0.379408585353685,0.330571790119437,0.348445387184689,0.325432051733787,0.318731500301919,0.298100984706688,0.293832837954127,0.278441705672435,0.277336172960966,0.263878203620652,0.25213197867089,0.270267736166935,0.305562333960682,0.387910667634606,0.456823900015938,0.296820047055229,0.29061847965923,0.370145399229922,0.393995949523429,0.417546455019421,0.440169197386708,0.456662667649686,0.481737513612137,0.509195132710188,0.267688710947418,0.361738217038194,0.365279419794816,0.407709121837081,0.57710615310919,0.653592486440552,0.683057817174084,0.611793284132719,0.629684982476481,0.614556433773976,0.437098689377377
73,0.61350028800829,0.558867963712537,0.547132643480605,0.927661821726797,0.935056450692057,0.917992161750747,0.887714938819348,NA,0.634457759685841,0.718210105506146,0.525057462726808,0.559969502145026,0.878213514884248,0.904681733444902,0.893346158377093,0.80940334258519,0.881986194902636,0.829700520491647,0.509197695859747,0.520636798131754,0.841807537037922,0.87422618784339,0.895813440954255,0.875222680238267,0.885295392779075,0.820397431418259,0.625256482536623,0.583736613786616,0.530959541392275,0.565196782350732,0.915148213822755,0.606098062695151,0.560123816606992,0.579842429298867,0.52958082587613,0.455765428073477,0.410314268037465,0.406623937190034,0.373492189223542,0.213117589659094,0.262632939172023,0.235937595690677,0.269455471303057,0.364752026516339,0.493298858404576,0.502861566403741,0.466285544359808,0.390893252691286,0.436718753772969,0.564213090880446,0.513771118813303,0.603177846506841,0.499904901512407,0.598475959762074,0.658168149505088,0.826225500554251,0.734600228885389,0.603658203313814,0.545655838639842,0.810151155107249,0.86353891850734,0.471441691326644,0.776203934908288,0.646958612786644,0.746956714429084,0.654029456356478,0.375250472585165,NA,0.711750865930496,0.760029006445028,0.850980401039194,0.745925541317643,0.698943626395872,0.659771902888746,0.724131978226248,0.70909018060183,0.525865530711737
74,0.931764709949497,0.902501696142659,0.889483072540979,0.72458523511888,0.906485676765439,0.900072627597385,0.883496738970282,0.805042028427151,0.948841357773003,0.99457013607025,0.887440388267108,0.893085661687353,0.855213205019634,0.893636057251378,0.820769800080179,0.861220051844914,0.896613196893171,0.885434180498126,0.910364151000981,0.88838613033295,0.874652413888414,0.865686282515532,0.881417105143722,0.863042572448993,0.898879557847976,0.75746607780454,0.932026147842415,0.915294122695924,0.878804862499233,0.873137262463573,0.877551997791635,0.871241837739945,0.888453172312842,0.80392158031464,0.777429207166021,0.914111223377163,0.814663267653921,0.835049029439689,0.863865554332729,0.886987529017707,0.882598046213388,NA,0.917647063732148,0.917345404624941,0.959714797410094,0.959215688705446,0.940945793600645,0.870370378096896,0.752639532089228,0.872905533422121,0.868160605430599,0.888279834931544,0.891572784870228,0.900784319639203,0.911372554302214,0.940915036201485,0.958169937133787,0.937042929030753,NA,0.317244857549677,0.887394964694975,0.898240327835082,0.856862753629684,0.900784319639201,0.901960790157319,0.95555555820465,0.833254911899614,0.920406685935123,0.88938472599819,0.87189543247223,0.879939675331113,0.818487405776957,0.884095867474873,0.906476535580377,0.942810460925107,0.955773423115407,0.929803925752641
75,0.84966647348445,0.814838378815643,0.79146795095584,0.879890296608272,0.925160167535957,0.911412775516538,0.881203522969946,NA,0.862722950466407,0.526395201682895,0.716262992690392,0.747116508729156,0.856209158897435,0.890737925168812,0.884313732385681,0.847005505878567,0.895102996943582,0.837667838471828,0.733315684504878,0.710635140861963,0.84468902464834,0.87421860582759,0.885400320341222,0.771106835748827,0.895310642194825,0.840083545904902,0.886957820165975,0.830980402230874,0.497497103784411,0.465366648418203,0.605153102310857,0.4857630060208,0.53729709694504,0.827861626110791,0.417234796285851,0.355253905057907,0.344543913784264,0.332518813148835,0.311082073715014,0.36122783273462,0.421517278254066,0.390568796021946,0.467068468693909,0.426113653747182,0.46483426913619,0.435960407396013,0.397342868497476,0.3782032382376,0.441367896298324,0.614158413626981,0.634075075053156,0.596252662769382,0.516755529958791,0.553089914278391,0.563255744986273,0.609449303738231,0.614703554258096,0.466049503791552,0.425062141997734,0.425094748244623,0.604430886832684,0.644814345614362,0.614073607493032,0.646674773435056,0.663905018652065,0.696238765176856,0.448331537528365,NA,0.673727395013041,0.740183120864579,0.835936568702883,0.71103142165559,0.773999196477412,0.717315920988771,0.732640708576591,0.692156881094014,0.58910416914333
76,0.936819175879162,0.910485938839294,0.899970740524689,0.699411782622342,0.908031163150319,0.902431378364563,0.891224693079464,NA,0.952763933246419,0.992530345916747,0.903167426586151,0.90184874534607,0.853507634003958,0.893318815363778,0.874666674137116,0.862951504556757,0.897727057115355,0.888235300779343,0.921653883612677,0.897357209869054,0.858324429121882,0.862464994192125,0.875173937889837,0.864327000359358,0.897167762120563,0.808748126029981,0.933287201208224,0.914255437013263,0.875067545572915,0.872285295996748,0.867102404435474,0.872096538543695,0.876648837869807,0.813333344459532,0.839732491692827,0.913725495338428,0.810155868530268,0.832919093085003,0.858823537826534,0.870423471226407,0.873399933554089,NA,0.897541244824721,0.893733185880323,0.931154688199335,0.930015087127684,0.921330961314109,0.842846777704018,0.806245472696088,0.84286681125903,0.837314329364072,0.854723686521694,0.865473153798469,0.868872556835407,0.884890433619991,0.915749530638416,0.924154281616203,0.904186545191571,NA,0.342731584762711,0.862399085479613,0.8766181815055,0.832920546594411,0.873928838305995,0.875618080730016,0.924736052751537,0.808029890060421,0.883921575546217,0.87207573446732,0.840522885322563,0.850765520579182,0.760317474603647,0.865577350060137,0.898366019129751,0.931154688199359,0.93889649247014,0.906584729009597
80,0.78878677729509,0.691931655882133,0.647058844566195,0.891357407805239,0.919391440308643,0.904862463474285,0.873123993999039,0.599922624466272,0.818107006726214,0.821326897567892,0.656784334182739,0.638798519651814,0.859343812240278,0.894444450736058,0.882401815084663,0.842930865915227,0.877559920151979,0.792951611585351,0.635866034775943,0.628585114711624,0.818449806847026,0.867228570980842,0.847281249957338,0.796382801746386,0.881846939363741,0.814533858420173,0.812665225399826,0.724689892360098,0.620921591222217,0.653560392166253,0.892549026012421,0.753880431033926,0.878824599390123,0.80521440505984,0.853710974587289,0.739617214288048,0.617461145181031,0.601990073474517,0.617389784139642,0.901562342031748,0.886499524605098,NA,0.881928319763947,0.832886146871492,0.802670527820882,0.798657009045835,0.75656110048264,0.617073929309791,0.57598738704196,0.879582274867094,0.872895047945226,0.889106743865548,0.884899223430101,0.876418539380591,0.841578822786144,0.872170630254097,0.851840708547664,0.747560434563315,0.616280474446136,0.878996572579032,0.893759285501007,0.899452922962315,0.843460692572824,0.869997587027353,0.865778554712942,0.841568636893849,0.764158700787394,0.714823546410068,0.724565475788465,0.830738863006959,0.889642451791169,0.741816368970002,0.863116283475776,0.355915183974363,0.363213781467527,0.391596645117042,0.347285325869512
84,0.915112391477605,0.871372556686293,0.844908295138667,0.59333335757279,0.353318259120393,0.346928113699464,0.356753821174499,0.469607844949377,0.51440753107495,NA,0.330868357420122,0.325549624183051,0.384659027715936,0.445504331105528,0.465597150001003,0.469515933189866,0.463742692220138,0.471879485177048,0.400145249234856,0.365085397036054,0.486568628252782,0.667420834303048,0.639084959030548,0.692631589739151,0.686274528503638,0.625641047955017,NA,0.590266130864997,0.498996276142384,0.512141045296158,0.775360723711709,0.745098054408487,0.829477134346989,0.61352267347548,0.759276032448064,0.67058825492882,0.563398718834224,0.54606211856015,0.575867295265447,0.874721788071385,0.885964919077765,NA,0.89281046390538,0.848692819476211,NA,0.787955194711261,0.759879350661982,0.628758192062418,0.601715710014476,0.876698593760721,0.875657587516678,0.894008719258868,0.876903768888774,0.867609359324015,0.84109122856813,0.885294124482846,0.911764711140544,0.784615397451313,NA,0.856108605861788,0.911307194829016,0.921117877138122,0.861973650142857,0.85833334177732,0.801206648349887,0.891265603628338,0.506176500022236,0.694117665289632,0.682659332641677,0.724618752798045,0.833137264848107,0.838865555823226,0.865859292886011,0.70943045616083,0.782352954148255,0.620261460542773,0.619298268304533
85,0.945530258359479,0.898284319788191,0.873178112134363,0.750055508793566,0.879485193328223,0.877757674455673,0.870127458721424,0.39714052900672,0.950462260394535,0.660616266726935,0.884547400968714,0.873231800273094,0.831362425818941,0.882157314391383,0.817598050087818,0.845166982267998,0.889341384172453,0.868878841400131,0.915514113118033,0.874257710576061,0.85322129726405,0.856381470235935,0.874100841624416,0.861099868430736,0.898096891887015,0.779943990707386,0.939179379079041,0.911791818757235,0.865976769063238,0.866736702621002,0.870539047705251,0.851244988786116,0.88767972836893,0.86144948480407,0.745592866240288,0.916315794461636,0.805651684017773,0.829646599328481,0.862005794146033,0.88160349289576,0.880620922148245,NA,0.912589340009396,0.915743949658751,0.968338748428758,0.969462816531833,0.942344600850001,0.860798954741268,0.8349206447603,0.869019615650199,0.860396534619547,0.882493917458971,0.887707050504373,0.891520657279415,0.906177917933661,0.94968080555288,0.960623888264998,0.948009509931926,0.814026595501384,0.82931311906511,0.881127458065766,0.896951359390416,0.850075423717497,0.898515525617121,0.902259576320669,0.684796398877953,0.366680291170971,0.52647061645977,0.377315963635267,0.359362466816362,0.419607847929086,0.523590714671253,0.611446764017726,0.685480072837399,0.717934019681792,0.670955901965583,0.503313603096346
86,0.934422661860784,0.900987660222539,0.878518914803809,0.882352948188783,0.397478997707759,0.387647065520561,0.410280874452847,0.440253752121241,0.700000017874481,0.660784333943522,0.372311356392907,0.332277536392676,0.39987431466597,0.44292886576804,0.465411766768555,0.478253120726187,0.518431401253098,0.526724792189454,0.419784098193965,0.384852948040031,0.469474155117452,0.589233536070223,0.592036837217826,0.617375575579276,0.605646356113011,0.588529436290785,0.666047491524656,0.529411792755482,0.429600305855643,0.443489193916644,0.74541601941414,0.515460059047104,0.781372562051007,0.59290385246329,0.729590033943418,0.617401983588677,0.465359479190748,0.465359479189285,0.503833794104863,0.855501097937593,0.870243489742373,NA,0.870995198218234,0.809000011384383,NA,0.817098050116878,0.744117662309899,0.532287609577398,0.613428424705269,0.885412959889905,0.876122714531134,0.890953649174158,0.871658654845438,0.859803929924873,0.826426436772109,0.910130724309321,0.993353474716369,0.803580574365258,NA,0.890834479831062,0.918998672256156,0.931474677287014,0.8767285935188,0.877935549308312,0.862454619672198,0.977251186189933,0.824353842911077,0.681437927483817,0.826217048897736,0.87533367030747,0.903646698064801,0.798319339752657,0.899927384323449,0.786554634570731,0.956078433988723,0.977900553803296,0.595564916729757
89,0.938585437834265,0.893872555345295,0.86647993326186,0.753346870685421,0.859835555476521,0.851111119985576,0.85490196943283,NA,0.947189545631408,0.744313740730283,0.870659544251181,0.831610229882325,0.821033878759899,0.869316382988078,0.791176483035074,0.833405964904359,0.879852237908736,0.870261445641516,0.907189548015597,0.864000008106215,0.855686283111552,0.854684104522066,0.868512108045463,0.862951473185888,0.899690408455693,0.847209662199016,0.928146746850787,0.907672639774236,0.865032687783239,0.86368749862493,0.87218591901991,0.398968014277925,0.884784302115439,NA,0.743634002208708,0.917647063732148,0.805767024264613,0.825791865587232,0.85396826267242,0.883306843203463,0.879500898447901,NA,0.917290557514534,0.919607847928999,0.956632067175481,0.969240197911859,0.944685245815072,0.867647066712373,0.67327143330324,0.872664367451381,0.860446255782553,0.881424141557588,0.890751632054646,0.891450986862176,0.911229951815171,0.942228602200017,0.95648926496506,0.94690799713135,0.366884539524726,0.845876137415563,0.876909577134829,0.897657958169774,0.85311943834478,0.898039221763605,0.9013574719429,0.68123251199724,0.374509811401378,0.512074332488216,0.395252844220741,0.375357063832112,0.40492710471154,0.494313725829132,0.629038304090504,0.681402276862754,0.714138303932397,0.687145988146483,0.586834758520138
90,0.948484851555391,0.855773429075877,0.875401076945392,0.792507015168667,0.894215692579746,0.892911016941071,0.873401542072711,0.69803923368454,0.946482125450583,0.453594774007797,0.861675587567416,0.855174300571283,0.835657235648897,0.878464059531689,0.775757589123466,0.603921592235565,0.799439787864685,0.849101316183805,0.824945544203122,0.883488139039592,0.873100497759879,0.853464061021805,0.870863976888359,0.805833330377936,0.895588241517544,0.83843138217926,0.938888892531395,0.897712424397469,0.851158654147928,0.874509811401367,0.869771249592304,0.829847504695257,0.893991962075233,0.862830357707065,0.889256542548537,0.914338240399957,0.819875233552673,0.704987977680407,0.87630719691515,0.885224096477032,0.880106216296554,0.816470599174499,0.915305015941461,0.924237477282683,0.971301249482415,0.983578432351351,0.95392157137394,0.862500008195639,0.877859484404325,0.864602691248844,0.869088819798301,0.885121084311429,0.896170320920646,0.892879263350838,0.909019613265991,0.946405231952667,0.95041113515054,0.953654191710732,0.312254913151264,NA,0.877915383953797,0.899004052082698,0.837254911661148,0.885403056939443,0.893188860855604,0.960504204034805,0.931279182434082,0.92091503739357,0.898782967493452,0.880196085572243,0.875401076945392,0.895920673321033,0.888338499947598,0.907189548015594,0.954341739416122,0.974727670351664,0.935387492179871
91,0.932507783714084,0.88372850792766,0.863749732730111,0.847792134052369,0.91235699304718,0.901599808966254,0.885022463404635,0.382372687626895,0.943966118650066,0.992807934413098,0.84621568385905,0.843778189032642,0.848791698385522,0.890745371468012,0.875569347455297,0.721285059555671,0.90231404595352,0.875252277018057,0.84088193242875,0.869283320720061,0.87147038685741,0.870728837008965,0.88947923876103,0.878179039973102,0.905524590192662,0.854071918239318,0.948098608798678,0.90187383364075,0.84819453438319,0.869154433797044,0.887271204107139,0.895539221912608,0.901069719608091,0.894004453457556,0.890373820208439,0.916896182468727,0.825603118511122,0.787661203258686,0.867253994229978,0.90330379303187,0.89439298916484,0.837097147415397,0.916728331514112,0.907578287366154,0.95778674211344,0.967288751285039,0.944924535350878,0.861460961731218,0.87126664571517,0.878210540619309,0.874607362853928,0.89428801221878,0.897631461579677,0.897514942553496,0.905535766190233,0.941950816363637,0.954895135797132,0.939295592487726,0.272131161123175,NA,0.890999427776201,0.905481054336158,0.856223871215494,0.897560157809481,0.901307195425027,0.953659316487631,0.862608575105838,0.911562678062754,0.892431958095174,0.876763619853652,0.886472480371582,0.897269260016667,0.891633993387212,0.908370347900517,0.944716091623267,0.96123869133439,0.934243074281924
92,0.943401210010005,0.881603236583888,0.708921585976551,0.32063493132581,0.375350147485656,0.43292484059922,0.499229703364251,0.556170730029518,0.570343162864105,0.374983104138651,0.421636245374115,0.301430854442602,0.419561981631695,0.652187049388894,0.576370060443839,0.494117654860369,0.45672269165519,0.485257807704937,0.380125390631518,0.375653602182617,0.557754037055176,0.697313017315735,0.703921586275288,0.680575166146011,0.68090817175439,0.560261464119102,0.558387825887459,0.532941204309626,0.505538385165412,0.514090316240171,0.790368089550543,0.176470592617989,0.806862756609944,0.769411778450228,0.694318771362804,0.597222246229698,0.499382726296286,0.466498601436715,0.507633082568619,0.849183015525499,0.863602949306453,NA,0.859208005316191,0.782202124595781,0.71771710366002,0.641492747491301,0.579645216464816,0.478887370159359,0.518954277038504,0.829153776953145,0.847766893605474,0.861609885567198,0.818226379427282,0.811960795521835,0.737440397207769,0.759738576412021,0.72492998838417,0.634402873841027,0.550513565540336,0.781404187602242,0.893246193726918,0.893404640934766,0.836837039619249,0.853781521320315,0.824387265369264,0.751012551002762,0.527903497219258,0.615686297416687,0.753254916667873,0.767855034633026,0.860061927845755,0.892993470430407,0.875228765606904,0.769130229949967,0.764379099011256,0.760160442102879,0.65644259750818
93,0.936809272928671,0.899019613862038,0.87752640247345,0.885351794607499,0.915359482169151,0.904751136898994,0.879965906557829,NA,0.946286396546797,0.637815147638321,0.867425687851444,0.861369117310173,0.855835676193237,0.888462338949505,0.809817839176097,0.900743751690306,0.818231864979393,0.841643333435059,0.822004367907842,0.858450055122375,0.85656566511501,0.856000008583069,0.875931350141764,0.869317093799854,0.897583225438761,0.843863480620914,0.939346408843994,0.889364237135107,0.841721142331759,0.854117655754089,0.869377882392318,0.892733570407419,0.895194162340725,0.6405228972435,0.896047314008077,0.915032684803009,0.800860844007352,0.808021401817148,0.868758177757263,0.88917306713436,0.88885701284176,0.814274520874023,0.912693503655885,0.670944761146199,0.964596952001254,0.967731094360352,0.943137258291245,0.848128351298245,0.831372559070587,0.871330161352415,0.874026330366527,0.894753573714076,0.897753269722064,0.902249140774502,0.904139439264933,0.939869284629822,0.960784316062927,0.94248366355896,0.370161985573561,NA,0.885340809822083,0.904139439264933,0.85281046628952,0.89934641122818,0.90767263977424,0.959663867950439,0.838480401784182,NA,0.894351776856095,0.874509811401367,0.878286136521233,0.872766892115275,0.881699353456497,0.898329708311293,0.942279415205121,0.950588238239288,0.915270355614749
